"","YearFilt","ENV","YEAR","MM","DD","DOY","YYYYMMDD","T2M_MAX","T2M_MIN","RH2M","T2M","PRECTOTCORR","WS2M","QV2M"
"1","2012","IA_2012",2012,5,10,131,2012-05-10,24.08,7.05,65.62,16.19,0,3.38,7.39
"2","2012","IA_2012",2012,5,11,132,2012-05-11,25.05,10.91,63.75,17.76,0.02,4.24,8
"3","2012","IA_2012",2012,5,12,133,2012-05-12,20.74,8.36,56,14.17,0,3.21,5.43
"4","2012","IA_2012",2012,5,13,134,2012-05-13,23.19,7.34,50.5,15.95,0,1.51,5.31
"5","2012","IA_2012",2012,5,14,135,2012-05-14,26.35,8.73,53.56,18.14,0.01,2.75,6.84
"6","2012","IA_2012",2012,5,15,136,2012-05-15,29.66,10.8,57.19,19.33,0,3.99,7.57
"7","2012","IA_2012",2012,5,16,137,2012-05-16,24.22,8.9,53.06,16.78,0,2.1,6.04
"8","2012","IA_2012",2012,5,17,138,2012-05-17,26.84,10.76,57.38,18.91,0.01,4.88,7.57
"9","2012","IA_2012",2012,5,18,139,2012-05-18,30.02,12.44,60.94,21.53,0.05,4.85,9.77
"10","2012","IA_2012",2012,5,19,140,2012-05-19,27.69,16.47,71.5,22.08,0.35,5.17,11.96
"11","2012","IA_2012",2012,5,20,141,2012-05-20,22.42,10.8,61.75,18.07,0.02,4.72,8.06
"12","2012","IA_2012",2012,5,21,142,2012-05-21,24.8,8.46,52.62,17.41,0,1.64,6.16
"13","2012","IA_2012",2012,5,22,143,2012-05-22,27.73,11.08,51.19,19.83,0,3.79,7.08
"14","2012","IA_2012",2012,5,23,144,2012-05-23,30.4,13.49,55.69,22.69,0.24,6.48,9.58
"15","2012","IA_2012",2012,5,24,145,2012-05-24,27.66,13.25,67.62,20.78,3.67,4.84,10.8
"16","2012","IA_2012",2012,5,25,146,2012-05-25,23.6,11.98,66.25,18.26,5.98,2,8.54
"17","2012","IA_2012",2012,5,26,147,2012-05-26,30.9,15.4,78.62,23.21,0.31,4.62,14.34
"18","2012","IA_2012",2012,5,27,148,2012-05-27,32.12,20.17,65.56,26.22,1.92,5.24,13.85
"19","2012","IA_2012",2012,5,28,149,2012-05-28,29.87,15.88,54.5,22.64,0.08,3.42,9.09
"20","2012","IA_2012",2012,5,29,150,2012-05-29,23.69,12.48,48,18.03,0,4.27,5.98
"21","2012","IA_2012",2012,5,30,151,2012-05-30,22.9,9.08,61.56,15.27,4.89,2.59,6.47
"22","2012","IA_2012",2012,5,31,152,2012-05-31,14.29,8.27,81.38,12.4,10.09,2.92,7.45
"23","2012","IA_2012",2012,6,1,153,2012-06-01,21.15,6.33,58.88,14.62,0.05,2.42,5.8
"24","2012","IA_2012",2012,6,2,154,2012-06-02,24.57,11.64,64.12,18.3,0.33,2.93,8.24
"25","2012","IA_2012",2012,6,3,155,2012-06-03,30.36,11.91,63,21.64,0.2,2.05,10.31
"26","2012","IA_2012",2012,6,4,156,2012-06-04,29.1,16.65,67.12,22.79,0.01,2.83,11.41
"27","2012","IA_2012",2012,6,5,157,2012-06-05,29.76,15.75,58.31,23.37,0.8,2.02,10.31
"28","2012","IA_2012",2012,6,6,158,2012-06-06,26.84,16.12,60.75,21.01,0.85,2.9,9.34
"29","2012","IA_2012",2012,6,7,159,2012-06-07,27.72,13.81,53.12,21.95,0.26,1.48,8.54
"30","2012","IA_2012",2012,6,8,160,2012-06-08,31.98,15.96,48.5,24.39,0,3.19,8.97
"31","2012","IA_2012",2012,6,9,161,2012-06-09,32.54,16.45,46.75,25.15,0,4.02,8.91
"32","2012","IA_2012",2012,6,10,162,2012-06-10,33.17,19.65,55.75,26.77,5.42,5.13,12.21
"33","2012","IA_2012",2012,6,11,163,2012-06-11,28.2,15.68,56.44,22.26,1.89,3.88,9.22
"34","2012","IA_2012",2012,6,12,164,2012-06-12,25.06,11.45,43.06,18.53,0,2.8,5.49
"35","2012","IA_2012",2012,6,13,165,2012-06-13,28.44,12.19,43.31,20.51,0.09,3.62,6.16
"36","2012","IA_2012",2012,6,14,166,2012-06-14,33.22,16.19,51.62,25.23,0.28,4.73,10.5
"37","2012","IA_2012",2012,6,15,167,2012-06-15,26.39,18.61,83.75,21.99,19,2.26,14.22
"38","2012","IA_2012",2012,6,16,168,2012-06-16,29.94,17.55,75.94,23.19,3.39,2.83,13.49
"39","2012","IA_2012",2012,6,17,169,2012-06-17,30.68,13.13,54.5,23.3,0,3.74,9.77
"40","2012","IA_2012",2012,6,18,170,2012-06-18,35.19,23.11,60.62,28.96,0.01,5.49,15.32
"41","2012","IA_2012",2012,6,19,171,2012-06-19,34.31,22.24,57.31,28.52,0.01,5.7,14.04
"42","2012","IA_2012",2012,6,20,172,2012-06-20,32.26,15.49,66.06,26.22,23.52,5.65,14.28
"43","2012","IA_2012",2012,6,21,173,2012-06-21,27.32,14.87,62.06,21.45,1.06,2.82,9.58
"44","2012","IA_2012",2012,6,22,174,2012-06-22,30.49,14.92,52.88,23.49,0.13,1.34,9.28
"45","2012","IA_2012",2012,6,23,175,2012-06-23,26.06,17.24,67.19,20.61,3.2,3.35,10.31
"46","2012","IA_2012",2012,6,24,176,2012-06-24,34.32,17.49,69.12,26.27,0.18,2.47,14.4
"47","2012","IA_2012",2012,6,25,177,2012-06-25,30,18.83,53.75,24.12,0,3.91,9.95
"48","2012","IA_2012",2012,6,26,178,2012-06-26,31.89,14.19,41.75,23.08,0.01,4.09,7.26
"49","2012","IA_2012",2012,6,27,179,2012-06-27,39.53,18.33,46.19,29.18,0.01,4.62,12.15
"50","2012","IA_2012",2012,6,28,180,2012-06-28,35.01,24.12,58.94,29.66,0.46,2.2,15.62
"51","2012","IA_2012",2012,6,29,181,2012-06-29,33.7,22.14,58.31,27.59,4.82,1.64,14.04
"52","2012","IA_2012",2012,6,30,182,2012-06-30,34.63,21.71,63.75,28.62,0.3,1.76,15.2
"53","2012","IA_2012",2012,7,1,183,2012-07-01,36.45,22.43,54.12,29.66,0.04,1.91,13.85
"54","2012","IA_2012",2012,7,2,184,2012-07-02,37.45,23.27,48.5,30.46,0,2.87,12.94
"55","2012","IA_2012",2012,7,3,185,2012-07-03,38.33,23.36,49,31.12,0,3.47,13.43
"56","2012","IA_2012",2012,7,4,186,2012-07-04,38.26,24.33,45.44,31.68,2.24,3.3,12.88
"57","2012","IA_2012",2012,7,5,187,2012-07-05,39.39,24.12,43,31.95,0.62,2.62,12.39
"58","2012","IA_2012",2012,7,6,188,2012-07-06,39.8,23.45,40.44,32.18,0.66,2.37,11.66
"59","2012","IA_2012",2012,7,7,189,2012-07-07,38.41,24.41,47.75,31.15,0.03,2.58,13.37
"60","2012","IA_2012",2012,7,8,190,2012-07-08,33.81,22.9,42.88,27.76,0,3.1,9.77
"61","2012","IA_2012",2012,7,9,191,2012-07-09,33.52,19.83,43.25,26.87,1.52,2.12,9.46
"62","2012","IA_2012",2012,7,10,192,2012-07-10,32.37,18.43,44.25,25.8,0,2.59,8.91
"63","2012","IA_2012",2012,7,11,193,2012-07-11,32.71,18.35,41.44,26.05,0,2.21,8.3
"64","2012","IA_2012",2012,7,12,194,2012-07-12,35.1,19.46,40.88,27.9,0.92,2.27,9.46
"65","2012","IA_2012",2012,7,13,195,2012-07-13,31.34,21.66,54.88,26.08,4.07,1.85,11.54
"66","2012","IA_2012",2012,7,14,196,2012-07-14,35.51,20.05,52.19,27.89,1.49,1.55,11.72
"67","2012","IA_2012",2012,7,15,197,2012-07-15,36.77,23.01,44,30,0.09,1.07,11.29
"68","2012","IA_2012",2012,7,16,198,2012-07-16,37.5,23.4,43,30.76,0.01,3.07,11.66
"69","2012","IA_2012",2012,7,17,199,2012-07-17,38.65,23.76,43.19,31.78,0.05,2.2,12.27
"70","2012","IA_2012",2012,7,18,200,2012-07-18,39.47,25.16,39.31,32.33,0.13,1.91,11.41
"71","2012","IA_2012",2012,7,19,201,2012-07-19,36.73,22.12,47.44,29.19,0,3.15,11.54
"72","2012","IA_2012",2012,7,20,202,2012-07-20,35.2,18.85,48.69,27.2,0,1.81,10.19
"73","2012","IA_2012",2012,7,21,203,2012-07-21,34.76,20.4,37.5,27.97,0.1,1.99,8.54
"74","2012","IA_2012",2012,7,22,204,2012-07-22,40.7,22.3,34.94,31.39,0.27,3.13,9.46
"75","2012","IA_2012",2012,7,23,205,2012-07-23,41.88,24.78,32.88,33.64,0.01,2.51,10.25
"76","2012","IA_2012",2012,7,24,206,2012-07-24,40.18,25.51,35.69,33.47,0,2.02,11.29
"77","2012","IA_2012",2012,7,25,207,2012-07-25,42.12,23.94,45.25,33.05,9.21,4.52,13.61
"78","2012","IA_2012",2012,7,26,208,2012-07-26,35.57,21.87,44.94,28.73,0.31,3.09,10.38
"79","2012","IA_2012",2012,7,27,209,2012-07-27,31.87,19.69,45.12,25.33,0,2.92,8.91
"80","2012","IA_2012",2012,7,28,210,2012-07-28,30.45,19.28,49.94,25.22,1.15,2.02,9.83
"81","2012","IA_2012",2012,7,29,211,2012-07-29,34.66,19.08,58.5,26.75,11.61,2.12,12.45
"82","2012","IA_2012",2012,7,30,212,2012-07-30,37.87,20.98,51.44,29.19,0,1.41,12.21
"83","2012","IA_2012",2012,7,31,213,2012-07-31,35.87,21.4,44.75,28.2,0,1.89,10.25
"84","2012","IA_2012",2012,8,1,214,2012-08-01,38.78,20.26,40.31,29.68,0,1.98,9.83
"85","2012","IA_2012",2012,8,2,215,2012-08-02,36.69,22.82,38.69,29.05,0.04,1.14,9.4
"86","2012","IA_2012",2012,8,3,216,2012-08-03,37.62,21.5,40.19,29.84,0.09,2.54,10.19
"87","2012","IA_2012",2012,8,4,217,2012-08-04,27.43,18.35,60.62,24.1,15.63,2.25,11.84
"88","2012","IA_2012",2012,8,5,218,2012-08-05,29.15,16.13,43.12,22.55,0,2.32,6.9
"89","2012","IA_2012",2012,8,6,219,2012-08-06,35.01,14.28,38.06,25.15,0,1.84,7.32
"90","2012","IA_2012",2012,8,7,220,2012-08-07,37.43,19.59,41.56,28.62,0.27,1.66,9.77
"91","2012","IA_2012",2012,8,8,221,2012-08-08,31.92,20.1,61.25,25.57,8.9,1.78,12.51
"92","2012","IA_2012",2012,8,9,222,2012-08-09,30.41,18.53,57.38,23.74,0.04,3.43,10.13
"93","2012","IA_2012",2012,8,10,223,2012-08-10,27.27,14.98,56.75,20.67,0,2.66,8.3
"94","2012","IA_2012",2012,8,11,224,2012-08-11,28.59,13.08,43.94,20.96,0.14,1.27,6.47
"95","2012","IA_2012",2012,8,12,225,2012-08-12,25.54,15.88,65.31,19.78,4.76,2.64,9.52
"96","2012","IA_2012",2012,8,13,226,2012-08-13,28.55,14.94,57.81,21.45,0.15,2.86,8.67
"97","2012","IA_2012",2012,8,14,227,2012-08-14,31.38,15.03,44.5,23.33,0,1.94,7.69
"98","2012","IA_2012",2012,8,15,228,2012-08-15,32.33,16.36,56.25,24.01,6.98,2.95,10.62
"99","2012","IA_2012",2012,8,16,229,2012-08-16,26.07,14.25,54.81,20.43,0.87,3.88,8.12
"100","2012","IA_2012",2012,8,17,230,2012-08-17,26.41,10.47,39.75,18.7,0,1.89,4.94
"101","2012","IA_2012",2012,8,18,231,2012-08-18,24.49,12.38,45.62,17.29,0.54,1.39,5.55
"102","2012","IA_2012",2012,8,19,232,2012-08-19,25.8,10.98,54.62,19.04,0.31,2.45,7.2
"103","2012","IA_2012",2012,8,20,233,2012-08-20,28.85,14.23,44.56,21.37,0.01,1.26,6.77
"104","2012","IA_2012",2012,8,21,234,2012-08-21,30.29,12.5,34.31,21.58,0,1.96,5.25
"105","2012","IA_2012",2012,8,22,235,2012-08-22,35.64,13.78,36.06,24.65,0,2.7,6.47
"106","2012","IA_2012",2012,8,23,236,2012-08-23,34.18,19.35,34.69,27.12,0.03,4.16,7.69
"107","2012","IA_2012",2012,8,24,237,2012-08-24,33.98,20.62,40.56,27.09,0.17,3.18,8.97
"108","2012","IA_2012",2012,8,25,238,2012-08-25,24.13,20.18,72.69,21.55,11.64,2.05,12.02
"109","2012","IA_2012",2012,8,26,239,2012-08-26,31.95,19.19,70.56,24.38,4.06,1.27,13.18
"110","2012","IA_2012",2012,8,27,240,2012-08-27,34.72,17.87,55.88,26.19,0,0.81,10.68
"111","2012","IA_2012",2012,8,28,241,2012-08-28,34.94,19.87,52.19,26.86,0.01,1.97,10.8
"112","2012","IA_2012",2012,8,29,242,2012-08-29,36.08,20.02,46.12,27.81,0,3.72,10.07
"113","2012","IA_2012",2012,8,30,243,2012-08-30,37.15,19.85,41.69,27.85,0,3.88,9.03
"114","2012","IA_2012",2012,8,31,244,2012-08-31,37.16,18.94,45.44,27.86,0,1.52,10.07
"115","2012","IA_2012",2012,9,1,245,2012-09-01,31.31,20.44,51.81,25.58,0.01,3.89,10.62
"116","2012","IA_2012",2012,9,2,246,2012-09-02,34.26,17.33,51.25,25.9,0,1.41,10.62
"117","2012","IA_2012",2012,9,3,247,2012-09-03,34.08,20.57,63.12,26.26,1.68,1.57,13.24
"118","2012","IA_2012",2012,9,4,248,2012-09-04,35.89,20.91,64.56,28.26,4.89,2.19,15.01
"119","2012","IA_2012",2012,9,5,249,2012-09-05,31.65,17.77,59.81,24.49,1.86,3.05,11.29
"120","2012","IA_2012",2012,9,6,250,2012-09-06,30.63,13.24,38.81,22.3,0.05,2.24,6.16
"121","2012","IA_2012",2012,9,7,251,2012-09-07,21.73,13.1,66.5,18.16,13,3.35,8.91
"122","2012","IA_2012",2012,9,8,252,2012-09-08,27.3,9.89,45.12,18.26,0,3.97,5.55
"123","2012","IA_2012",2012,9,9,253,2012-09-09,25.03,10.39,49.56,17.51,0,2.2,5.98
"124","2012","IA_2012",2012,9,10,254,2012-09-10,29.1,11.28,47.31,19.83,0,3.95,6.35
"125","2012","IA_2012",2012,9,11,255,2012-09-11,33.41,14.12,45.75,23.55,0,4.77,7.57
"126","2012","IA_2012",2012,9,12,256,2012-09-12,29.33,12.86,64.5,19.83,5.17,3.27,9.03
"127","2012","IA_2012",2012,9,13,257,2012-09-13,20.62,9.99,65,14.08,12.92,2.09,6.29
"128","2012","IA_2012",2012,9,14,258,2012-09-14,26.69,8.87,47.62,17.43,0,2.82,5.43
"129","2012","IA_2012",2012,9,15,259,2012-09-15,26.95,10.42,45.69,18.24,0.03,2.78,5.68
"130","2012","IA_2012",2012,9,16,260,2012-09-16,25.87,11.4,63.69,18.59,0.08,2.77,8.54
"131","2012","IA_2012",2012,9,17,261,2012-09-17,18.62,9.58,63.69,14.64,2.78,3.44,6.77
"132","2012","IA_2012",2012,9,18,262,2012-09-18,18.73,5.71,43.06,12.1,0,2.8,3.54
"133","2012","IA_2012",2012,9,19,263,2012-09-19,28.41,8.47,41.38,17.18,0.02,4.41,5.07
"134","2012","IA_2012",2012,9,20,264,2012-09-20,21.25,9.44,39.69,14.89,0.01,2.65,4.09
"135","2012","IA_2012",2012,9,21,265,2012-09-21,23.25,10.53,48.94,15.94,0.01,2.43,5.37
"136","2012","IA_2012",2012,9,22,266,2012-09-22,17.09,4.35,45.88,10.24,0,3.66,3.48
"137","2012","IA_2012",2012,9,23,267,2012-09-23,18.12,1.88,41.56,10.14,0,1.41,2.93
"138","2012","IA_2012",2012,9,24,268,2012-09-24,24.25,5.23,45.25,14.42,0,2.64,4.52
"139","2012","IA_2012",2012,9,25,269,2012-09-25,29.25,11.03,54.38,18.93,0,1.34,6.71
"140","2012","IA_2012",2012,9,26,270,2012-09-26,24.05,8.83,43.06,15.62,0,2.01,4.52
"141","2012","IA_2012",2012,9,27,271,2012-09-27,23.65,6.06,48.94,14.35,0,1.58,4.64
"142","2012","IA_2012",2012,9,28,272,2012-09-28,24.28,8.33,44.31,15.82,0,1.16,4.64
"143","2012","IA_2012",2012,9,29,273,2012-09-29,28.35,9.15,41.81,17.98,0,1.7,5
"144","2012","IA_2012",2012,9,30,274,2012-09-30,26.6,11.11,45.62,17.54,0,1.66,5.49
"145","2012","IA_2012",2012,10,1,275,2012-10-01,23.37,11.57,50.88,16.83,0,3.2,6.1
"146","2012","IA_2012",2012,10,2,276,2012-10-02,24.49,8.9,47.69,16.8,0.01,1.55,5.68
"147","2012","IA_2012",2012,10,3,277,2012-10-03,26.73,10.04,49.81,18.05,0,2.66,6.04
"148","2012","IA_2012",2012,10,4,278,2012-10-04,14.9,5.03,52.94,10.81,0.44,4.16,4.27
"149","2012","IA_2012",2012,10,5,279,2012-10-05,9.25,1.3,47.88,5.3,0.01,2.98,2.62
"150","2012","IA_2012",2012,10,6,280,2012-10-06,9.24,-1.7,53.25,3.21,0,2.79,2.56
"151","2012","IA_2012",2012,10,7,281,2012-10-07,12.73,-3.38,46.38,4.83,0,2.41,2.32
"152","2012","IA_2012",2012,10,8,282,2012-10-08,18.85,1.91,45.75,10.54,0,5.05,3.48
"153","2012","IA_2012",2012,10,9,283,2012-10-09,10.56,2.51,64.5,7.65,1.22,3.18,4.39
"154","2012","IA_2012",2012,10,10,284,2012-10-10,14.61,-0.82,48.75,6.79,0,2.81,2.75
"155","2012","IA_2012",2012,10,11,285,2012-10-11,16.13,3.8,52.81,8.6,0.07,3.83,3.72
"156","2012","IA_2012",2012,10,12,286,2012-10-12,15.33,-0.33,39.25,8.08,0.15,3.59,2.5
"157","2012","IA_2012",2012,10,13,287,2012-10-13,22.29,9.9,91.12,15.48,18.58,2.82,10.68
"158","2012","IA_2012",2012,10,14,288,2012-10-14,16.98,7.51,71.81,12.55,17.72,4.95,6.77
"159","2012","IA_2012",2012,10,15,289,2012-10-15,20.24,3.4,57.19,11.37,0,1.75,4.76
"160","2012","IA_2012",2012,10,16,290,2012-10-16,25.39,8.59,65.88,15.33,0,2.84,7.14
"161","2012","IA_2012",2012,10,17,291,2012-10-17,15.72,7.94,60.5,12.99,1.22,4.71,5.98
"162","2012","IA_2012",2012,10,18,292,2012-10-18,9.02,4.74,70.69,7.4,8.59,6.3,4.7
"163","2012","IA_2012",2012,10,19,293,2012-10-19,10.26,4.05,79.38,6.9,0.72,4.17,5.07
"164","2012","IA_2012",2012,10,20,294,2012-10-20,15.79,4.33,76.06,9.04,0,1.92,5.43
"165","2012","IA_2012",2012,10,21,295,2012-10-21,25.12,6.35,82,14.69,1.71,3.46,8.91
"166","2012","IA_2012",2012,10,22,296,2012-10-22,25.32,16.08,91.56,19.36,4.17,1.56,13.24
"167","2012","IA_2012",2012,10,23,297,2012-10-23,26.11,12.37,83,18.82,0.09,2.82,11.47
"168","2012","IA_2012",2012,10,24,298,2012-10-24,25.8,12.5,85.75,19.01,5,2.82,12.39
"169","2012","IA_2012",2012,10,25,299,2012-10-25,11.86,0.13,72.81,5.8,8.6,5.64,4.46
"170","2012","IA_2012",2012,10,26,300,2012-10-26,7.65,-1.91,60.06,1.98,0.04,3.19,2.56
"171","2012","IA_2012",2012,10,27,301,2012-10-27,6.23,-4.85,66.56,0.83,0.06,1,2.56
"172","2012","IA_2012",2012,10,28,302,2012-10-28,9.29,-2.61,55.38,2.65,0.01,1.48,2.44
"173","2012","IA_2012",2012,10,29,303,2012-10-29,10.51,-1,59.56,3.45,0.13,2.46,2.87
"174","2012","IA_2012",2012,10,30,304,2012-10-30,11.57,-2.05,58.06,3.86,0.02,2.23,2.87
"175","2012","IA_2012",2012,10,31,305,2012-10-31,11.46,-2.83,56.19,3.79,0,1.93,2.75
"176","2012","IA_2012",2012,11,1,306,2012-11-01,13.21,1.33,58.62,6.48,0,2.81,3.54
"177","2012","IA_2012",2012,11,2,307,2012-11-02,6.48,-0.63,65.25,2.44,0,2.54,2.99
"178","2012","IA_2012",2012,11,3,308,2012-11-03,11.69,-2.74,67.19,4.46,0,1.09,3.36
"179","2012","IA_2012",2012,11,4,309,2012-11-04,11.93,1.86,76.56,6.15,2.9,2.29,4.58
"180","2012","IA_2012",2012,11,5,310,2012-11-05,9.37,1.12,80,4.84,2.27,2.58,4.27
"181","2012","IA_2012",2012,11,6,311,2012-11-06,11.37,1.8,75.81,5.39,1.17,4.55,4.21
"182","2012","IA_2012",2012,11,7,312,2012-11-07,9.88,0.93,72.94,4.3,0.06,2.12,3.72
"183","2012","IA_2012",2012,11,8,313,2012-11-08,16.73,-0.13,73.19,6.53,0,3.45,4.27
"184","2012","IA_2012",2012,11,9,314,2012-11-09,12.78,2.73,84.69,8.22,0,3.16,5.92
"185","2012","IA_2012",2012,11,10,315,2012-11-10,24.8,11.94,78.12,17.55,1.2,6.35,9.95
"186","2012","IA_2012",2012,11,11,316,2012-11-11,17.09,-6.86,67.88,1.73,12.75,5.18,3.42
"187","2012","IA_2012",2012,11,12,317,2012-11-12,1.66,-8.1,63.44,-4.32,0.08,4.27,1.71
"188","2012","IA_2012",2012,11,13,318,2012-11-13,7.96,-6.49,64.38,0.38,0.01,2.58,2.56
"189","2012","IA_2012",2012,11,14,319,2012-11-14,12.51,-0.36,71.31,5.11,0,3.12,3.78
"190","2012","IL_2012",2012,5,10,131,2012-05-10,21.33,7.94,63.5,14.61,0,1.09,6.23
"191","2012","IL_2012",2012,5,11,132,2012-05-11,23.8,7.66,61.31,16.41,0,2.27,6.84
"192","2012","IL_2012",2012,5,12,133,2012-05-12,23.37,11.62,66.69,17.36,0,1.4,8
"193","2012","IL_2012",2012,5,13,134,2012-05-13,24.05,9.4,73.19,16.86,0.01,3.12,8.54
"194","2012","IL_2012",2012,5,14,135,2012-05-14,25.15,10.35,55.25,18.75,0,2.12,7.02
"195","2012","IL_2012",2012,5,15,136,2012-05-15,26.87,13.38,49.81,19.88,0,2.29,7.08
"196","2012","IL_2012",2012,5,16,137,2012-05-16,22.33,8.76,60.62,16.5,0,4.05,6.96
"197","2012","IL_2012",2012,5,17,138,2012-05-17,23.62,7.02,62.69,15.58,0,2.95,6.47
"198","2012","IL_2012",2012,5,18,139,2012-05-18,28.15,9.41,65.38,19.42,0,2.54,9.09
"199","2012","IL_2012",2012,5,19,140,2012-05-19,30.55,15.26,70.19,23.45,0,2.98,12.27
"200","2012","IL_2012",2012,5,20,141,2012-05-20,30.46,17.29,75.56,23.83,9.95,3.05,13.61
"201","2012","IL_2012",2012,5,21,142,2012-05-21,21.9,10.19,66.12,17.08,0.07,3.65,8.06
"202","2012","IL_2012",2012,5,22,143,2012-05-22,23.55,7.95,61.44,15.86,0,2.77,6.53
"203","2012","IL_2012",2012,5,23,144,2012-05-23,26.6,8.81,63.94,18.49,0,2.52,8.06
"204","2012","IL_2012",2012,5,24,145,2012-05-24,29.65,13.58,62.69,22.69,0,5.44,10.62
"205","2012","IL_2012",2012,5,25,146,2012-05-25,30.65,20.12,70.19,24.78,0,1.91,13.43
"206","2012","IL_2012",2012,5,26,147,2012-05-26,32.44,20.8,73.44,26.57,0,2.6,15.62
"207","2012","IL_2012",2012,5,27,148,2012-05-27,32.99,21.34,66.94,26.19,0,3.2,13.85
"208","2012","IL_2012",2012,5,28,149,2012-05-28,32.06,20.84,67.19,26.51,3.04,4.32,14.28
"209","2012","IL_2012",2012,5,29,150,2012-05-29,29.66,16.58,58.25,23.43,1.45,2.38,10.13
"210","2012","IL_2012",2012,5,30,151,2012-05-30,24.93,12.74,56.38,18.65,0.17,3.38,7.2
"211","2012","IL_2012",2012,5,31,152,2012-05-31,19.73,9.94,76.06,14.15,11.36,4.91,7.69
"212","2012","IL_2012",2012,6,1,153,2012-06-01,18.03,9.16,70.75,13.27,0.33,3.98,6.65
"213","2012","IL_2012",2012,6,2,154,2012-06-02,19.94,9.55,67,15.7,2.78,3.12,7.51
"214","2012","IL_2012",2012,6,3,155,2012-06-03,27.62,11.32,65,20.38,0.16,2.37,9.34
"215","2012","IL_2012",2012,6,4,156,2012-06-04,21.73,13.07,77.5,18.61,2.49,1.75,10.56
"216","2012","IL_2012",2012,6,5,157,2012-06-05,25.05,11.11,65.88,18.31,0.02,3.01,8.3
"217","2012","IL_2012",2012,6,6,158,2012-06-06,25.15,10.57,62.5,18.56,0,2.17,8
"218","2012","IL_2012",2012,6,7,159,2012-06-07,28.38,11.3,54.62,21.24,0,1.03,8.06
"219","2012","IL_2012",2012,6,8,160,2012-06-08,30.15,16.25,49.56,23.13,0,1.49,8.24
"220","2012","IL_2012",2012,6,9,161,2012-06-09,31.37,15.42,54.25,24.07,0,2.9,9.64
"221","2012","IL_2012",2012,6,10,162,2012-06-10,31.41,17.36,63.12,24.58,0,3.06,11.66
"222","2012","IL_2012",2012,6,11,163,2012-06-11,30.02,19.27,78.62,24.08,5.05,2.93,14.65
"223","2012","IL_2012",2012,6,12,164,2012-06-12,27.55,14.3,52.56,21.3,0,3.7,7.75
"224","2012","IL_2012",2012,6,13,165,2012-06-13,26.17,11.19,55.62,18.98,0,2.43,7.2
"225","2012","IL_2012",2012,6,14,166,2012-06-14,31.47,13.63,53.75,22.57,0,2.4,8.3
"226","2012","IL_2012",2012,6,15,167,2012-06-15,34.37,14.95,50.81,24.74,0,2.33,8.97
"227","2012","IL_2012",2012,6,16,168,2012-06-16,32.55,18.26,68.12,25.49,13.11,3.38,13.79
"228","2012","IL_2012",2012,6,17,169,2012-06-17,31.88,21.11,69.56,25.5,2.87,2.83,13.55
"229","2012","IL_2012",2012,6,18,170,2012-06-18,33.79,21.47,61.62,27.39,0.02,4.91,13.61
"230","2012","IL_2012",2012,6,19,171,2012-06-19,34.12,20.93,59.25,27.62,0,4.44,13.37
"231","2012","IL_2012",2012,6,20,172,2012-06-20,34.18,20.3,53.56,27.43,0,3.96,11.66
"232","2012","IL_2012",2012,6,21,173,2012-06-21,31.75,18.94,61.69,25.33,2.1,3.33,12.39
"233","2012","IL_2012",2012,6,22,174,2012-06-22,30.73,16.06,52.81,23.94,0,2.06,9.16
"234","2012","IL_2012",2012,6,23,175,2012-06-23,30.45,17.98,47.38,24.76,0,1.17,8.85
"235","2012","IL_2012",2012,6,24,176,2012-06-24,34.94,18.95,49.94,27.3,0.09,1.59,10.93
"236","2012","IL_2012",2012,6,25,177,2012-06-25,30.34,15.55,47.69,24.08,0.04,4.1,8.36
"237","2012","IL_2012",2012,6,26,178,2012-06-26,30.45,13.02,46.62,21.86,0,2.46,6.84
"238","2012","IL_2012",2012,6,27,179,2012-06-27,34.26,14.9,39.12,25.15,0,3.16,7.14
"239","2012","IL_2012",2012,6,28,180,2012-06-28,41.49,20.43,42.94,30.8,0,3.8,11.6
"240","2012","IL_2012",2012,6,29,181,2012-06-29,39.53,26.31,58.88,32.26,1.12,1.55,17.21
"241","2012","IL_2012",2012,6,30,182,2012-06-30,37.88,23.68,53.44,30.86,2.09,1.57,14.1
"242","2012","IL_2012",2012,7,1,183,2012-07-01,37.57,23.12,49.69,30.08,0.18,1.64,12.33
"243","2012","IL_2012",2012,7,2,184,2012-07-02,33.24,22.27,62.94,28.19,2.84,1.38,14.89
"244","2012","IL_2012",2012,7,3,185,2012-07-03,37.46,21.95,57.75,29.9,0.03,2.14,14.34
"245","2012","IL_2012",2012,7,4,186,2012-07-04,39.83,23.58,50.12,31.73,0,2.52,13.73
"246","2012","IL_2012",2012,7,5,187,2012-07-05,40.94,23.33,43.25,32.71,0.01,1.88,12.33
"247","2012","IL_2012",2012,7,6,188,2012-07-06,41.53,25.73,43.5,34.08,0,1.34,13.61
"248","2012","IL_2012",2012,7,7,189,2012-07-07,41.4,26.47,42.44,34.22,0.6,1.32,13.55
"249","2012","IL_2012",2012,7,8,190,2012-07-08,34.28,20.91,53.56,27.45,3.87,3.08,12.27
"250","2012","IL_2012",2012,7,9,191,2012-07-09,34.51,18.94,49.06,27.05,0,2.28,10.07
"251","2012","IL_2012",2012,7,10,192,2012-07-10,33.26,20.13,42.19,26.89,0,2.92,8.79
"252","2012","IL_2012",2012,7,11,193,2012-07-11,33.48,19.62,45.88,26.73,0,1.45,9.52
"253","2012","IL_2012",2012,7,12,194,2012-07-12,36.05,19.38,37.44,29.01,0.02,2.12,9.03
"254","2012","IL_2012",2012,7,13,195,2012-07-13,36.59,22.44,48.12,29.84,0.21,2.05,11.84
"255","2012","IL_2012",2012,7,14,196,2012-07-14,29.31,22.32,69.06,25.84,7.08,2.03,14.4
"256","2012","IL_2012",2012,7,15,197,2012-07-15,36.24,20.77,60.31,28.39,0.4,2.06,13.49
"257","2012","IL_2012",2012,7,16,198,2012-07-16,37.76,22.64,51.88,30.58,0.01,2.48,13.31
"258","2012","IL_2012",2012,7,17,199,2012-07-17,38.1,24.78,51.81,31.69,0.67,2.21,14.53
"259","2012","IL_2012",2012,7,18,200,2012-07-18,38.81,26.01,48.06,32.55,0.75,2.01,14.16
"260","2012","IL_2012",2012,7,19,201,2012-07-19,39.62,25.48,52.5,31.4,0.66,3.5,14.4
"261","2012","IL_2012",2012,7,20,202,2012-07-20,33.5,20.44,54.31,26.98,0.07,3.46,11.66
"262","2012","IL_2012",2012,7,21,203,2012-07-21,36.33,17.4,42.19,27.58,0,1.26,8.91
"263","2012","IL_2012",2012,7,22,204,2012-07-22,38.97,21.46,31.94,30.61,0,2.06,8.24
"264","2012","IL_2012",2012,7,23,205,2012-07-23,41.76,24.56,31.12,33.37,0,3.84,9.58
"265","2012","IL_2012",2012,7,24,206,2012-07-24,40.06,26.76,40.25,33.05,0.31,2.98,12.21
"266","2012","IL_2012",2012,7,25,207,2012-07-25,42.11,25.17,40.5,34.06,0.13,3.81,12.45
"267","2012","IL_2012",2012,7,26,208,2012-07-26,33.85,25.14,43.94,30.56,0.51,3.8,12.33
"268","2012","IL_2012",2012,7,27,209,2012-07-27,36.14,21.76,42.69,28.63,0.12,3.16,10.07
"269","2012","IL_2012",2012,7,28,210,2012-07-28,34.05,20.31,47,26.53,0,2.38,9.64
"270","2012","IL_2012",2012,7,29,211,2012-07-29,35.93,18.4,35.12,27.81,0,1.24,7.87
"271","2012","IL_2012",2012,7,30,212,2012-07-30,35.29,23.3,42,29.32,0.02,2.02,10.5
"272","2012","IL_2012",2012,7,31,213,2012-07-31,38.45,23.08,44.44,30.51,0.5,2.86,11.72
"273","2012","IL_2012",2012,8,1,214,2012-08-01,36.51,19.82,40.94,28.23,0,1.83,8.97
"274","2012","IL_2012",2012,8,2,215,2012-08-02,38.06,18.94,34.19,29.23,3.78,1.84,7.75
"275","2012","IL_2012",2012,8,3,216,2012-08-03,35.55,22.57,59.31,29.01,0.73,1.78,14.22
"276","2012","IL_2012",2012,8,4,217,2012-08-04,36.04,23.83,71,28.8,11.75,2.52,17.4
"277","2012","IL_2012",2012,8,5,218,2012-08-05,33.72,19.29,55.44,26.62,1.12,2.76,11.23
"278","2012","IL_2012",2012,8,6,219,2012-08-06,33.21,16.26,45.25,25.48,0.01,1.05,8.3
"279","2012","IL_2012",2012,8,7,220,2012-08-07,36.89,16.6,41.81,27.37,0,1.47,8.79
"280","2012","IL_2012",2012,8,8,221,2012-08-08,33.66,21.56,53.81,27.2,7.87,1.66,11.84
"281","2012","IL_2012",2012,8,9,222,2012-08-09,30.31,18.8,71.06,24.59,5.48,2.4,13.24
"282","2012","IL_2012",2012,8,10,223,2012-08-10,27.52,16.65,60.94,21.27,0.22,3.7,9.09
"283","2012","IL_2012",2012,8,11,224,2012-08-11,29.01,13.95,48.5,21.49,0,2.15,7.02
"284","2012","IL_2012",2012,8,12,225,2012-08-12,29.78,14.64,46.62,21.95,0.56,1.1,7.14
"285","2012","IL_2012",2012,8,13,226,2012-08-13,26.39,16.68,72.38,20.9,6.96,2.27,11.23
"286","2012","IL_2012",2012,8,14,227,2012-08-14,30.19,15.49,62.38,22.63,0.07,2.11,9.95
"287","2012","IL_2012",2012,8,15,228,2012-08-15,32.35,16.39,50.44,24.42,0,1.88,8.97
"288","2012","IL_2012",2012,8,16,229,2012-08-16,29.9,17.14,72,23.12,34.63,3.48,13.06
"289","2012","IL_2012",2012,8,17,230,2012-08-17,26.02,12.98,63.88,19.19,0,2.27,8.42
"290","2012","IL_2012",2012,8,18,231,2012-08-18,26.78,11.85,57.31,20.2,0,1.07,7.93
"291","2012","IL_2012",2012,8,19,232,2012-08-19,27.47,16.62,48,21.85,0.05,1.06,7.57
"292","2012","IL_2012",2012,8,20,233,2012-08-20,27.4,14.15,52.44,21.26,0.63,1.36,8.06
"293","2012","IL_2012",2012,8,21,234,2012-08-21,28.19,15.05,53.62,21.23,0.02,0.99,8
"294","2012","IL_2012",2012,8,22,235,2012-08-22,30.8,13.45,49,22.23,0,1.48,7.45
"295","2012","IL_2012",2012,8,23,236,2012-08-23,32.23,15.73,48.06,23.88,0,1.73,8.42
"296","2012","IL_2012",2012,8,24,237,2012-08-24,34.73,16.4,48.56,25.73,0,1.83,9.4
"297","2012","IL_2012",2012,8,25,238,2012-08-25,34.25,19.65,51.88,26.73,0.18,2.45,10.62
"298","2012","IL_2012",2012,8,26,239,2012-08-26,29.33,20.41,80.88,24.4,26.52,2.66,15.5
"299","2012","IL_2012",2012,8,27,240,2012-08-27,30.53,20.89,72.19,24.52,2.81,2.55,13.67
"300","2012","IL_2012",2012,8,28,241,2012-08-28,31.26,17.86,55.56,24.2,0,1.45,10.07
"301","2012","IL_2012",2012,8,29,242,2012-08-29,31.28,16.67,60,23.62,0,1.68,10.5
"302","2012","IL_2012",2012,8,30,243,2012-08-30,33.67,15.32,49.81,23.99,0,2.04,8.48
"303","2012","IL_2012",2012,8,31,244,2012-08-31,28.1,20.5,82.94,24.55,12.55,2.49,16.17
"304","2012","IL_2012",2012,9,1,245,2012-09-01,28.62,22.6,90.38,24.61,46.22,3.86,17.7
"305","2012","IL_2012",2012,9,2,246,2012-09-02,27.27,22.12,91,24.32,18.3,3.98,17.64
"306","2012","IL_2012",2012,9,3,247,2012-09-03,29.79,20.87,84.25,24.94,0.24,2.79,16.72
"307","2012","IL_2012",2012,9,4,248,2012-09-04,30.95,20.94,77.19,26.39,0.57,1.05,16.6
"308","2012","IL_2012",2012,9,5,249,2012-09-05,29.11,21.15,84.88,24.79,6.07,1.73,16.72
"309","2012","IL_2012",2012,9,6,250,2012-09-06,29.66,20.14,72.19,24.68,0.6,1.72,13.79
"310","2012","IL_2012",2012,9,7,251,2012-09-07,29.19,15.84,82.5,23.05,28.25,3.03,14.83
"311","2012","IL_2012",2012,9,8,252,2012-09-08,21.74,11.98,72.94,16.4,1.55,3.49,8.36
"312","2012","IL_2012",2012,9,9,253,2012-09-09,22.66,10.4,73.06,16.44,0.03,2.92,8.42
"313","2012","IL_2012",2012,9,10,254,2012-09-10,23.51,9.73,71.75,16.87,0,1.34,8.3
"314","2012","IL_2012",2012,9,11,255,2012-09-11,25.93,12.04,68.38,18.77,0,2.56,8.97
"315","2012","IL_2012",2012,9,12,256,2012-09-12,27.77,13.05,70.5,20.62,0,2.91,10.31
"316","2012","IL_2012",2012,9,13,257,2012-09-13,27.51,15.39,73.5,21.15,0.38,2.65,11.29
"317","2012","IL_2012",2012,9,14,258,2012-09-14,22.65,13.99,71.62,17.05,3.89,2.6,8.42
"318","2012","IL_2012",2012,9,15,259,2012-09-15,24.84,12.22,62.38,17.99,0.01,0.68,7.75
"319","2012","IL_2012",2012,9,16,260,2012-09-16,25.37,12.98,66.19,18.68,0,1.54,8.67
"320","2012","IL_2012",2012,9,17,261,2012-09-17,24.15,13.9,85.44,18.78,4.32,1.89,11.78
"321","2012","IL_2012",2012,9,18,262,2012-09-18,18.46,9.64,63.94,13.24,0.03,3.97,5.92
"322","2012","IL_2012",2012,9,19,263,2012-09-19,21.46,5.92,53.19,14.39,0,3.53,5.25
"323","2012","IL_2012",2012,9,20,264,2012-09-20,23.44,10.04,63.31,15.41,0.12,2.56,6.65
"324","2012","IL_2012",2012,9,21,265,2012-09-21,21.19,10.44,73.94,14.56,11.24,2.14,7.69
"325","2012","IL_2012",2012,9,22,266,2012-09-22,15.98,6.98,71.31,11.21,0.05,3.28,5.74
"326","2012","IL_2012",2012,9,23,267,2012-09-23,17.73,4.24,61.44,10.43,0,2.34,4.52
"327","2012","IL_2012",2012,9,24,268,2012-09-24,20.4,4.09,51.19,12.57,0.2,2.45,4.46
"328","2012","IL_2012",2012,9,25,269,2012-09-25,21.72,11.16,90.75,16.33,9.07,2.55,10.99
"329","2012","IL_2012",2012,9,26,270,2012-09-26,21.62,12.89,93.25,18.69,4.24,2.16,12.82
"330","2012","IL_2012",2012,9,27,271,2012-09-27,22.44,10.51,69.62,15.46,0.16,2.46,7.45
"331","2012","IL_2012",2012,9,28,272,2012-09-28,21.8,8.71,75.88,14.99,0,2.65,7.87
"332","2012","IL_2012",2012,9,29,273,2012-09-29,23.68,8.51,68,15.61,0,1.73,7.14
"333","2012","IL_2012",2012,9,30,274,2012-09-30,21.65,8.62,65.81,14.59,0,2.48,6.53
"334","2012","IL_2012",2012,10,1,275,2012-10-01,17.53,9.63,76.06,12.54,0.54,2.7,6.9
"335","2012","IL_2012",2012,10,2,276,2012-10-02,17.37,9.02,84.44,13.26,1.56,2.85,8.12
"336","2012","IL_2012",2012,10,3,277,2012-10-03,22.05,12.26,80.5,15.45,2.9,2.13,8.67
"337","2012","IL_2012",2012,10,4,278,2012-10-04,26.18,11.41,78.19,17.38,3.85,3.42,9.46
"338","2012","IL_2012",2012,10,5,279,2012-10-05,10.99,2.69,83.62,7.3,18.09,2.92,5.37
"339","2012","IL_2012",2012,10,6,280,2012-10-06,11.23,-0.76,68.25,5.05,0,2.93,3.54
"340","2012","IL_2012",2012,10,7,281,2012-10-07,11.36,1.98,60.62,5.74,0.05,2.14,3.36
"341","2012","IL_2012",2012,10,8,282,2012-10-08,14.44,-0.98,59.81,6.59,0,2.43,3.48
"342","2012","IL_2012",2012,10,9,283,2012-10-09,17.87,2.82,66.75,10.22,0.59,4.3,5.07
"343","2012","IL_2012",2012,10,10,284,2012-10-10,11.98,2.68,63.94,6.47,0.06,3.3,3.66
"344","2012","IL_2012",2012,10,11,285,2012-10-11,16.2,1.26,62.19,8.79,0.01,2.84,4.27
"345","2012","IL_2012",2012,10,12,286,2012-10-12,15.91,5.76,67.62,9.69,0,3.11,4.82
"346","2012","IL_2012",2012,10,13,287,2012-10-13,22.04,6.39,85.88,14.65,6.62,4.63,9.46
"347","2012","IL_2012",2012,10,14,288,2012-10-14,22.91,7.77,81.81,16.87,18.71,6.93,10.19
"348","2012","IL_2012",2012,10,15,289,2012-10-15,16.47,5.41,69.88,10.7,0,2.8,5.43
"349","2012","IL_2012",2012,10,16,290,2012-10-16,20.98,4.8,69.12,13.76,0,4.06,6.9
"350","2012","IL_2012",2012,10,17,291,2012-10-17,18.95,9.18,79.75,14.69,18.23,5.5,8.48
"351","2012","IL_2012",2012,10,18,292,2012-10-18,15.16,6.01,69.94,9.8,2.33,4.49,5.19
"352","2012","IL_2012",2012,10,19,293,2012-10-19,10.52,6.54,85.81,8.36,5.92,4,5.98
"353","2012","IL_2012",2012,10,20,294,2012-10-20,13.47,5.29,82.44,8.86,0.58,2.3,5.8
"354","2012","IL_2012",2012,10,21,295,2012-10-21,21.83,4.86,81.81,12.94,0.01,3.06,7.69
"355","2012","IL_2012",2012,10,22,296,2012-10-22,23.83,14.9,80.62,18.18,5.92,4.25,10.62
"356","2012","IL_2012",2012,10,23,297,2012-10-23,19.87,15.53,87.81,17.37,13.78,3.56,11.05
"357","2012","IL_2012",2012,10,24,298,2012-10-24,25.63,13.91,82.88,19.08,0,3.88,11.54
"358","2012","IL_2012",2012,10,25,299,2012-10-25,25.23,6.71,80.38,17.23,9.81,5.51,10.13
"359","2012","IL_2012",2012,10,26,300,2012-10-26,8.82,1.95,71.56,5.09,1.5,3.67,3.85
"360","2012","IL_2012",2012,10,27,301,2012-10-27,11.26,-0.31,75.69,4.86,0,3.54,3.97
"361","2012","IL_2012",2012,10,28,302,2012-10-28,10.45,1.55,74.69,4.86,0,3.96,3.91
"362","2012","IL_2012",2012,10,29,303,2012-10-29,11.17,0.36,73.44,4.94,0,4.86,3.85
"363","2012","IL_2012",2012,10,30,304,2012-10-30,7.39,0.78,66.12,3.61,0,5.62,3.23
"364","2012","IL_2012",2012,10,31,305,2012-10-31,9.26,-1.74,70.5,2.51,0,3.85,3.17
"365","2012","IL_2012",2012,11,1,306,2012-11-01,13.33,-2.34,69.94,4.9,0,2.8,3.72
"366","2012","IL_2012",2012,11,2,307,2012-11-02,10.5,-0.35,76.12,4.88,0.02,2.41,4.03
"367","2012","IL_2012",2012,11,3,308,2012-11-03,6.82,-0.81,88.19,3.44,3.92,2.77,4.33
"368","2012","IL_2012",2012,11,4,309,2012-11-04,10.05,-2.13,81.94,2.93,0.01,1.87,3.78
"369","2012","IL_2012",2012,11,5,310,2012-11-05,7.98,-2.06,79.94,1.92,0,1.64,3.42
"370","2012","IL_2012",2012,11,6,311,2012-11-06,7.53,-2.37,86.56,2.63,3.08,1.5,4.03
"371","2012","IL_2012",2012,11,7,312,2012-11-07,8.2,2.19,89.88,4.49,0.46,1.76,4.76
"372","2012","IL_2012",2012,11,8,313,2012-11-08,10.45,1.08,85,4.69,0.02,1.86,4.46
"373","2012","IL_2012",2012,11,9,314,2012-11-09,17.72,1.28,79.44,9.12,0,3.95,5.74
"374","2012","IL_2012",2012,11,10,315,2012-11-10,21.19,8.12,74.38,13.6,0,5.29,7.26
"375","2012","IL_2012",2012,11,11,316,2012-11-11,20.17,2.55,71.56,13.64,10.42,7.34,7.08
"376","2012","IL_2012",2012,11,12,317,2012-11-12,3.35,-3.44,72.5,0.05,8.55,4.34,2.75
"377","2012","IL_2012",2012,11,13,318,2012-11-13,4.7,-6.82,74.38,-1.49,0,1.56,2.38
"378","2012","IL_2012",2012,11,14,319,2012-11-14,5.3,-3.7,78.19,-0.49,0,1.6,2.75
"379","2012","IN_2012",2012,5,10,131,2012-05-10,20,4.98,68.5,12.51,0,2.41,5.92
"380","2012","IN_2012",2012,5,11,132,2012-05-11,23.32,5.93,63.62,15.52,0,1.93,6.77
"381","2012","IN_2012",2012,5,12,133,2012-05-12,22.71,11.83,71.69,16.61,0.02,1.55,8.24
"382","2012","IN_2012",2012,5,13,134,2012-05-13,23.48,9.08,79.69,16.42,0.55,2.3,9.16
"383","2012","IN_2012",2012,5,14,135,2012-05-14,24.33,10.94,66.69,17.79,0.01,1.8,8.18
"384","2012","IN_2012",2012,5,15,136,2012-05-15,26.55,10.58,58.62,18.55,0,2.48,7.63
"385","2012","IN_2012",2012,5,16,137,2012-05-16,20.86,8.65,63.38,15.62,0.03,3.98,6.84
"386","2012","IN_2012",2012,5,17,138,2012-05-17,22.46,6.84,66.56,14.95,0,2.74,6.71
"387","2012","IN_2012",2012,5,18,139,2012-05-18,26.33,8.85,64.75,17.7,0,2.45,7.87
"388","2012","IN_2012",2012,5,19,140,2012-05-19,29.25,12.82,69.12,21.6,0,2.57,11.17
"389","2012","IN_2012",2012,5,20,141,2012-05-20,30.13,16.3,74.75,23.55,6.33,2.59,13.31
"390","2012","IN_2012",2012,5,21,142,2012-05-21,20.93,10.33,71.75,16.75,0.3,3.77,8.67
"391","2012","IN_2012",2012,5,22,143,2012-05-22,22.33,8.49,69,15.24,0,2.83,7.2
"392","2012","IN_2012",2012,5,23,144,2012-05-23,25.83,9.48,71,18.42,0,2.2,9.09
"393","2012","IN_2012",2012,5,24,145,2012-05-24,27.76,13.91,68.56,21.63,0,4.81,10.74
"394","2012","IN_2012",2012,5,25,146,2012-05-25,29.23,20.44,72.12,24.18,0.03,2,13.37
"395","2012","IN_2012",2012,5,26,147,2012-05-26,30.89,18.83,75.31,24.94,0.02,2.34,14.77
"396","2012","IN_2012",2012,5,27,148,2012-05-27,31.55,21.02,73.56,25.52,0,3.23,14.83
"397","2012","IN_2012",2012,5,28,149,2012-05-28,31.34,19.65,73.25,25.48,3.42,4.3,14.83
"398","2012","IN_2012",2012,5,29,150,2012-05-29,27.57,15.37,65.62,22.41,2.38,2.49,11.05
"399","2012","IN_2012",2012,5,30,151,2012-05-30,23.18,11.2,63.44,17.51,0,3.3,7.75
"400","2012","IN_2012",2012,5,31,152,2012-05-31,20.62,10.05,76.81,14.4,12.06,4.12,7.87
"401","2012","IN_2012",2012,6,1,153,2012-06-01,15.62,10.01,77.31,12.6,0.97,4.02,7.08
"402","2012","IN_2012",2012,6,2,154,2012-06-02,21.58,8.9,69.69,15.11,1.09,3.84,7.39
"403","2012","IN_2012",2012,6,3,155,2012-06-03,26.05,10.9,69.81,19.31,0.02,2.49,9.52
"404","2012","IN_2012",2012,6,4,156,2012-06-04,25.93,12.73,70.38,18.9,0.56,2.38,9.4
"405","2012","IN_2012",2012,6,5,157,2012-06-05,22.82,11.27,71.44,17.05,0,2.88,8.48
"406","2012","IN_2012",2012,6,6,158,2012-06-06,24.56,10.05,65.38,17.93,0,2.09,8.06
"407","2012","IN_2012",2012,6,7,159,2012-06-07,27.08,11.98,62.12,20.06,0,1.3,8.67
"408","2012","IN_2012",2012,6,8,160,2012-06-08,28.44,13.88,56.12,21.38,0,1.66,8.61
"409","2012","IN_2012",2012,6,9,161,2012-06-09,29.57,15.29,59.25,22.6,0,2.53,9.83
"410","2012","IN_2012",2012,6,10,162,2012-06-10,30.34,16.76,67.5,23.9,0,2.73,12.21
"411","2012","IN_2012",2012,6,11,163,2012-06-11,29.33,19.65,78.19,24.22,0.14,2.88,14.77
"412","2012","IN_2012",2012,6,12,164,2012-06-12,26.9,12.8,56.12,20.99,0,3.65,8.36
"413","2012","IN_2012",2012,6,13,165,2012-06-13,25.08,10.8,58.81,18.15,0,2.27,7.2
"414","2012","IN_2012",2012,6,14,166,2012-06-14,29.39,12,55.12,21.01,0,2.63,7.87
"415","2012","IN_2012",2012,6,15,167,2012-06-15,32.24,14.37,53.44,23.7,0,2.21,9.16
"416","2012","IN_2012",2012,6,16,168,2012-06-16,31.78,17.38,69.81,24.9,15.34,3.12,13.73
"417","2012","IN_2012",2012,6,17,169,2012-06-17,29.91,19.74,75.06,24.24,1.12,2.46,14.1
"418","2012","IN_2012",2012,6,18,170,2012-06-18,32.23,19.59,67.69,26.16,0.02,4.67,14.1
"419","2012","IN_2012",2012,6,19,171,2012-06-19,33,20.41,64.12,26.74,0,4.21,13.85
"420","2012","IN_2012",2012,6,20,172,2012-06-20,33.12,19.91,59.38,26.62,0,3.7,12.45
"421","2012","IN_2012",2012,6,21,173,2012-06-21,31.75,19.14,65.25,24.99,4.45,3.34,12.88
"422","2012","IN_2012",2012,6,22,174,2012-06-22,29.73,16.3,57.88,23.04,0,2.06,9.64
"423","2012","IN_2012",2012,6,23,175,2012-06-23,30.42,16.33,49.69,24.08,0,0.66,9.03
"424","2012","IN_2012",2012,6,24,176,2012-06-24,33.74,18.05,52.56,26.85,0.02,1.3,11.17
"425","2012","IN_2012",2012,6,25,177,2012-06-25,28.75,15.08,47.94,22.92,0,3.91,7.87
"426","2012","IN_2012",2012,6,26,178,2012-06-26,29.09,12.47,48.69,21.06,0,1.88,6.96
"427","2012","IN_2012",2012,6,27,179,2012-06-27,32.94,14.23,43.69,24.2,0,2.99,7.63
"428","2012","IN_2012",2012,6,28,180,2012-06-28,40.48,20.15,48.69,30.45,0.38,3.84,13.37
"429","2012","IN_2012",2012,6,29,181,2012-06-29,33.81,24.08,76.19,29.15,4.86,1.36,19.29
"430","2012","IN_2012",2012,6,30,182,2012-06-30,34.23,22.76,70,27.85,10.2,1.3,15.93
"431","2012","IN_2012",2012,7,1,183,2012-07-01,31.83,21.13,66.62,26.42,3.67,1.05,14.16
"432","2012","IN_2012",2012,7,2,184,2012-07-02,34.81,20.18,64.12,27.76,0.02,1.46,14.47
"433","2012","IN_2012",2012,7,3,185,2012-07-03,36.44,22.26,59.88,29.37,0,2.11,14.65
"434","2012","IN_2012",2012,7,4,186,2012-07-04,38.45,23.57,55.44,31.07,0,2.37,15.01
"435","2012","IN_2012",2012,7,5,187,2012-07-05,39.11,22.94,47.81,32.03,0.02,1.68,13.43
"436","2012","IN_2012",2012,7,6,188,2012-07-06,40.22,25.42,49.31,33.23,0.04,1.05,14.95
"437","2012","IN_2012",2012,7,7,189,2012-07-07,40.52,24.14,49.62,32.55,0.26,2,14.28
"438","2012","IN_2012",2012,7,8,190,2012-07-08,33.55,20.76,57.88,26.93,1.78,2.7,12.63
"439","2012","IN_2012",2012,7,9,191,2012-07-09,33.21,18.67,52.12,26.58,0.02,1.87,10.62
"440","2012","IN_2012",2012,7,10,192,2012-07-10,33.76,19.85,42.5,26.77,0,2.79,8.67
"441","2012","IN_2012",2012,7,11,193,2012-07-11,33.5,18.98,45.12,26.35,0,2.31,9.03
"442","2012","IN_2012",2012,7,12,194,2012-07-12,35.07,17.76,45.19,27.06,0.01,2.35,9.58
"443","2012","IN_2012",2012,7,13,195,2012-07-13,35.2,20.59,55.38,28.05,0.02,2.12,12.27
"444","2012","IN_2012",2012,7,14,196,2012-07-14,28.51,22.4,74.38,25.09,2.95,1.82,14.83
"445","2012","IN_2012",2012,7,15,197,2012-07-15,35.83,20.62,61.81,28.19,0.86,2.31,13.73
"446","2012","IN_2012",2012,7,16,198,2012-07-16,37.59,21.94,53.12,29.99,0,2.14,13.18
"447","2012","IN_2012",2012,7,17,199,2012-07-17,38.01,24.4,56.5,31.11,2.96,2.3,15.32
"448","2012","IN_2012",2012,7,18,200,2012-07-18,36.9,24.91,59.44,30.48,8.14,1.84,15.75
"449","2012","IN_2012",2012,7,19,201,2012-07-19,35.73,22.87,71.94,28.48,11.4,2.78,16.91
"450","2012","IN_2012",2012,7,20,202,2012-07-20,31.58,18.6,63.5,24.57,1.83,3.12,11.72
"451","2012","IN_2012",2012,7,21,203,2012-07-21,33.53,16.19,53.5,25.49,0,0.99,10.25
"452","2012","IN_2012",2012,7,22,204,2012-07-22,36.75,19.83,44.5,28.55,0,1.95,10.25
"453","2012","IN_2012",2012,7,23,205,2012-07-23,39.58,22.2,43.75,30.3,1.11,3.23,11.29
"454","2012","IN_2012",2012,7,24,206,2012-07-24,32.06,22.06,62.81,27.44,5.35,1.98,14.4
"455","2012","IN_2012",2012,7,25,207,2012-07-25,39.89,21.18,51.88,30.63,0.18,3.16,13.31
"456","2012","IN_2012",2012,7,26,208,2012-07-26,34.38,22.89,55.19,28.76,0.39,3.66,13.67
"457","2012","IN_2012",2012,7,27,209,2012-07-27,33.64,19.56,55.94,26.33,2.39,2.41,11.35
"458","2012","IN_2012",2012,7,28,210,2012-07-28,31.51,18.09,58.25,24.37,0.01,2.68,10.5
"459","2012","IN_2012",2012,7,29,211,2012-07-29,31.55,15.85,50.81,24.37,0,1.05,8.79
"460","2012","IN_2012",2012,7,30,212,2012-07-30,34.35,19.63,51.56,26.71,1.85,1.62,10.74
"461","2012","IN_2012",2012,7,31,213,2012-07-31,34.81,19.92,57.75,26.97,1.88,2.61,12.57
"462","2012","IN_2012",2012,8,1,214,2012-08-01,33.84,17.4,54.94,25.55,0,1.82,10.25
"463","2012","IN_2012",2012,8,2,215,2012-08-02,36.61,17.33,38.06,27.18,0,1.56,7.69
"464","2012","IN_2012",2012,8,3,216,2012-08-03,36.3,21.96,49.19,28.87,0.03,2.09,11.66
"465","2012","IN_2012",2012,8,4,217,2012-08-04,35.05,23.31,71.88,28.54,22.4,2.72,17.4
"466","2012","IN_2012",2012,8,5,218,2012-08-05,32.3,17.51,62.88,25.56,4.15,2.7,12.33
"467","2012","IN_2012",2012,8,6,219,2012-08-06,31.79,14.72,48.69,23.54,0,0.96,7.93
"468","2012","IN_2012",2012,8,7,220,2012-08-07,35.31,15.69,44.19,26.19,0,1.66,8.97
"469","2012","IN_2012",2012,8,8,221,2012-08-08,35.02,19.95,57.81,27.15,8.26,1.74,12.51
"470","2012","IN_2012",2012,8,9,222,2012-08-09,29.65,19.5,73.31,24.38,12.88,1.77,13.85
"471","2012","IN_2012",2012,8,10,223,2012-08-10,23.65,15.58,71.19,19.37,2.49,4.41,9.95
"472","2012","IN_2012",2012,8,11,224,2012-08-11,27.75,13.81,61.06,20.26,0.01,2.66,8.54
"473","2012","IN_2012",2012,8,12,225,2012-08-12,27.27,14.17,59.75,20.55,0.76,0.91,8.67
"474","2012","IN_2012",2012,8,13,226,2012-08-13,26.14,16.58,73.69,20.22,12.59,1.59,10.93
"475","2012","IN_2012",2012,8,14,227,2012-08-14,28.49,16.2,66.94,21.9,0.09,1.8,10.5
"476","2012","IN_2012",2012,8,15,228,2012-08-15,31.11,15.7,57.62,23.73,0.02,1.48,10.07
"477","2012","IN_2012",2012,8,16,229,2012-08-16,29.53,17.69,71.12,22.93,24.28,3.83,12.51
"478","2012","IN_2012",2012,8,17,230,2012-08-17,25.44,13.51,69,19.1,0.09,2.09,9.22
"479","2012","IN_2012",2012,8,18,231,2012-08-18,25.54,10.67,55.19,19.04,0,1.22,7.02
"480","2012","IN_2012",2012,8,19,232,2012-08-19,27.05,13.66,52.06,20.25,0.31,1.33,7.39
"481","2012","IN_2012",2012,8,20,233,2012-08-20,26.83,12.41,56.5,20.22,4.17,0.77,8.06
"482","2012","IN_2012",2012,8,21,234,2012-08-21,27.01,14.15,55.31,20.39,0,0.92,7.87
"483","2012","IN_2012",2012,8,22,235,2012-08-22,29.09,12.83,51.56,21.21,0,1.36,7.51
"484","2012","IN_2012",2012,8,23,236,2012-08-23,31.98,14.73,49.38,23.17,0,1.4,8.3
"485","2012","IN_2012",2012,8,24,237,2012-08-24,33.46,16.01,47.19,24.8,0,1.98,8.61
"486","2012","IN_2012",2012,8,25,238,2012-08-25,33.89,18.41,54.5,26.12,0,1.58,10.8
"487","2012","IN_2012",2012,8,26,239,2012-08-26,29.75,19.5,76.5,24.38,27.94,2.44,14.53
"488","2012","IN_2012",2012,8,27,240,2012-08-27,28.84,18.08,77.75,23.02,10.92,1.91,13.73
"489","2012","IN_2012",2012,8,28,241,2012-08-28,29.58,16.08,61.06,22.51,0,1.62,10.07
"490","2012","IN_2012",2012,8,29,242,2012-08-29,29.51,15.8,62.69,22.12,0,1.48,9.95
"491","2012","IN_2012",2012,8,30,243,2012-08-30,31.3,14.41,55.44,22.45,0,2.18,8.91
"492","2012","IN_2012",2012,8,31,244,2012-08-31,30.52,18.05,73.56,24.75,0.13,2.63,14.47
"493","2012","IN_2012",2012,9,1,245,2012-09-01,26.29,22.26,90.38,24.12,14.38,2.75,17.21
"494","2012","IN_2012",2012,9,2,246,2012-09-02,27.71,20.97,89.38,23.75,21.6,4.03,16.72
"495","2012","IN_2012",2012,9,3,247,2012-09-03,30.56,20.35,82.38,24.71,0.39,2.77,16.05
"496","2012","IN_2012",2012,9,4,248,2012-09-04,29.97,20.17,75.88,25.48,1.19,0.82,15.44
"497","2012","IN_2012",2012,9,5,249,2012-09-05,28.63,20.26,82.56,24.51,3.43,1.92,15.99
"498","2012","IN_2012",2012,9,6,250,2012-09-06,29.98,20.22,71,24.48,1.02,1.92,13.37
"499","2012","IN_2012",2012,9,7,251,2012-09-07,29.57,16.13,76.62,23.22,26.46,2.88,13.92
"500","2012","IN_2012",2012,9,8,252,2012-09-08,22.05,13.3,73.69,16.98,10.59,3.42,8.85
"501","2012","IN_2012",2012,9,9,253,2012-09-09,22.85,10.2,73.81,16.44,0.24,2.16,8.48
"502","2012","IN_2012",2012,9,10,254,2012-09-10,23.63,9.16,71.69,16.61,0,1.39,8.18
"503","2012","IN_2012",2012,9,11,255,2012-09-11,25.87,11.57,66.88,18.41,0,2.6,8.54
"504","2012","IN_2012",2012,9,12,256,2012-09-12,27.82,12.65,68.62,20.3,0,2.81,9.89
"505","2012","IN_2012",2012,9,13,257,2012-09-13,27.6,16.31,72.81,21.33,0.23,2.57,11.29
"506","2012","IN_2012",2012,9,14,258,2012-09-14,22.93,12.52,65.75,17,5.2,2.48,7.63
"507","2012","IN_2012",2012,9,15,259,2012-09-15,24.09,11.23,61.69,17.05,0,0.93,7.26
"508","2012","IN_2012",2012,9,16,260,2012-09-16,24.9,10.56,63.56,17.63,0,1.58,7.69
"509","2012","IN_2012",2012,9,17,261,2012-09-17,23.92,12.88,83.44,18.55,2.3,2.09,11.29
"510","2012","IN_2012",2012,9,18,262,2012-09-18,18.16,8.72,69.62,13.33,1.56,3.82,6.65
"511","2012","IN_2012",2012,9,19,263,2012-09-19,21.08,5.79,53.44,13.8,0.06,3.21,5.07
"512","2012","IN_2012",2012,9,20,264,2012-09-20,22.73,10.03,63.25,14.85,0.11,2.95,6.59
"513","2012","IN_2012",2012,9,21,265,2012-09-21,19.62,9.71,70.38,13.74,11.95,2.08,6.84
"514","2012","IN_2012",2012,9,22,266,2012-09-22,14.89,6.87,74.44,10.86,0.32,3.05,5.98
"515","2012","IN_2012",2012,9,23,267,2012-09-23,17.26,4.17,63.81,10.17,0,2.27,4.58
"516","2012","IN_2012",2012,9,24,268,2012-09-24,19.59,2.58,58.81,11.42,0,2.89,4.52
"517","2012","IN_2012",2012,9,25,269,2012-09-25,20.47,10.09,85.44,15.51,1.67,2.9,9.95
"518","2012","IN_2012",2012,9,26,270,2012-09-26,22.57,12.54,88,18.25,4.61,2.44,11.78
"519","2012","IN_2012",2012,9,27,271,2012-09-27,23.09,11.02,71.94,15.78,0.23,2.35,7.93
"520","2012","IN_2012",2012,9,28,272,2012-09-28,22.21,10.62,77.25,15.49,0.06,1.66,8.24
"521","2012","IN_2012",2012,9,29,273,2012-09-29,23.57,8.51,64.81,15.42,0,1.44,6.65
"522","2012","IN_2012",2012,9,30,274,2012-09-30,21.07,7.05,68.5,13.64,0,2.37,6.41
"523","2012","IN_2012",2012,10,1,275,2012-10-01,17.43,8.81,77.44,12.45,3.17,2.75,6.96
"524","2012","IN_2012",2012,10,2,276,2012-10-02,19.26,10.5,87.94,14.5,2.58,2.8,9.22
"525","2012","IN_2012",2012,10,3,277,2012-10-03,19.95,12.5,83.19,15.18,1.26,2.88,8.97
"526","2012","IN_2012",2012,10,4,278,2012-10-04,25.93,10.67,77.94,17.41,2.4,3.65,9.46
"527","2012","IN_2012",2012,10,5,279,2012-10-05,11.98,3.14,85,7.31,17.9,2.8,5.49
"528","2012","IN_2012",2012,10,6,280,2012-10-06,11.9,-0.77,68.69,5.51,0,2.72,3.72
"529","2012","IN_2012",2012,10,7,281,2012-10-07,11.18,1.59,64.88,5.55,0.06,1.92,3.54
"530","2012","IN_2012",2012,10,8,282,2012-10-08,13.89,-1.29,59.19,6.09,0,2.19,3.3
"531","2012","IN_2012",2012,10,9,283,2012-10-09,17.32,2.78,62.94,9.98,0.53,4.34,4.76
"532","2012","IN_2012",2012,10,10,284,2012-10-10,11.5,2.06,65.19,6.19,0.5,3.54,3.66
"533","2012","IN_2012",2012,10,11,285,2012-10-11,15.85,0.87,60.38,8.32,0,3.23,3.97
"534","2012","IN_2012",2012,10,12,286,2012-10-12,14.13,4.26,63.44,8.37,0,2.82,4.15
"535","2012","IN_2012",2012,10,13,287,2012-10-13,20.08,4.14,83.88,12.96,11.47,4.52,8.67
"536","2012","IN_2012",2012,10,14,288,2012-10-14,23.32,9.9,81.5,17.7,6.45,7.31,10.68
"537","2012","IN_2012",2012,10,15,289,2012-10-15,15.65,5.39,73.56,10.03,0.08,2.79,5.55
"538","2012","IN_2012",2012,10,16,290,2012-10-16,19.56,3.42,70.56,12.07,0.01,4.02,6.16
"539","2012","IN_2012",2012,10,17,291,2012-10-17,19.28,11.02,78.19,15.3,12.16,5.86,8.61
"540","2012","IN_2012",2012,10,18,292,2012-10-18,15.29,6.87,70.06,10.58,9.47,4.56,5.49
"541","2012","IN_2012",2012,10,19,293,2012-10-19,9.93,6.19,86.62,8.2,7.33,3.73,6.04
"542","2012","IN_2012",2012,10,20,294,2012-10-20,13.94,4.35,84.12,7.84,0.47,2.48,5.55
"543","2012","IN_2012",2012,10,21,295,2012-10-21,20.4,3.19,82.06,11.45,0,2.53,7.02
"544","2012","IN_2012",2012,10,22,296,2012-10-22,23.74,11.43,82.44,17.01,7.71,4.2,10.07
"545","2012","IN_2012",2012,10,23,297,2012-10-23,18.24,15.71,90.06,16.85,24,3.58,10.99
"546","2012","IN_2012",2012,10,24,298,2012-10-24,25.16,13.69,81.75,18.86,0.09,3.86,11.23
"547","2012","IN_2012",2012,10,25,299,2012-10-25,24.27,8.19,78.38,17.78,3.57,5.26,10.07
"548","2012","IN_2012",2012,10,26,300,2012-10-26,8.93,2.49,75.88,5.88,2.93,3.84,4.33
"549","2012","IN_2012",2012,10,27,301,2012-10-27,11.65,0.48,75.62,5.52,0,3.49,4.15
"550","2012","IN_2012",2012,10,28,302,2012-10-28,8.73,2.14,71.62,4.69,0,3.95,3.72
"551","2012","IN_2012",2012,10,29,303,2012-10-29,11,0.25,66,5.55,0,5.88,3.6
"552","2012","IN_2012",2012,10,30,304,2012-10-30,6.71,3.84,74,5.01,2.81,7.12,4.09
"553","2012","IN_2012",2012,10,31,305,2012-10-31,6.64,-0.58,75,3.11,0.67,4.14,3.6
"554","2012","IN_2012",2012,11,1,306,2012-11-01,12.31,-3.44,72.38,4.03,0.04,2.7,3.6
"555","2012","IN_2012",2012,11,2,307,2012-11-02,10.68,-0.59,79.75,4.24,0.02,2.24,4.03
"556","2012","IN_2012",2012,11,3,308,2012-11-03,6.25,-0.97,85.62,2.66,1.11,2.02,3.97
"557","2012","IN_2012",2012,11,4,309,2012-11-04,8.82,-3.14,83.25,1.76,0.05,1.56,3.6
"558","2012","IN_2012",2012,11,5,310,2012-11-05,7.4,-3.24,78.56,1,0,1.47,3.11
"559","2012","IN_2012",2012,11,6,311,2012-11-06,9.08,-3.47,85.06,2.47,1.89,1.52,3.91
"560","2012","IN_2012",2012,11,7,312,2012-11-07,10.18,1.24,81.69,4.69,0.62,1.48,4.27
"561","2012","IN_2012",2012,11,8,313,2012-11-08,10.28,0.51,84.5,3.98,0,1.47,4.27
"562","2012","IN_2012",2012,11,9,314,2012-11-09,16.51,0.48,78.12,8.42,0.02,3.89,5.43
"563","2012","IN_2012",2012,11,10,315,2012-11-10,20.85,7.55,75.12,13.42,0.01,5.2,7.26
"564","2012","IN_2012",2012,11,11,316,2012-11-11,19.46,9.89,64.5,14.28,1.56,7.09,6.53
"565","2012","IN_2012",2012,11,12,317,2012-11-12,6.65,-1.08,71.62,1.26,11.99,4.62,2.99
"566","2012","IN_2012",2012,11,13,318,2012-11-13,3.94,-6.31,73.81,-1.42,0,1.61,2.38
"567","2012","IN_2012",2012,11,14,319,2012-11-14,4.4,-4.06,79.38,-0.67,0,1.77,2.81
"568","2012","NE_2012",2012,5,10,131,2012-05-10,30.78,9.55,45.75,20.75,0,4.7,6.59
"569","2012","NE_2012",2012,5,11,132,2012-05-11,22.43,8.05,49.12,15.85,0,4.62,5.62
"570","2012","NE_2012",2012,5,12,133,2012-05-12,21.05,7.45,50.81,13.98,0.02,2.88,5.07
"571","2012","NE_2012",2012,5,13,134,2012-05-13,22.37,9.08,52.38,16.54,0,1.32,6.23
"572","2012","NE_2012",2012,5,14,135,2012-05-14,27.72,9.3,45.88,19.27,0,1.88,6.1
"573","2012","NE_2012",2012,5,15,136,2012-05-15,30.54,12.34,38.06,20.85,0,3.58,5.49
"574","2012","NE_2012",2012,5,16,137,2012-05-16,29,9.69,37.62,19.82,0,3.55,5.19
"575","2012","NE_2012",2012,5,17,138,2012-05-17,33.16,14.06,40.62,23.94,0,6.3,6.96
"576","2012","NE_2012",2012,5,18,139,2012-05-18,33.15,16.95,43,25.28,0,7.18,8.42
"577","2012","NE_2012",2012,5,19,140,2012-05-19,30.06,13.83,59.75,22.51,10.06,4.85,10.5
"578","2012","NE_2012",2012,5,20,141,2012-05-20,23.23,11.37,54.19,16.98,0,3.73,6.35
"579","2012","NE_2012",2012,5,21,142,2012-05-21,27.5,9.08,40.06,18.89,0.01,3.34,5.19
"580","2012","NE_2012",2012,5,22,143,2012-05-22,31.89,13.38,45.12,23.33,0,6.69,8.3
"581","2012","NE_2012",2012,5,23,144,2012-05-23,33.51,14.48,54.69,23.4,2.57,6.55,10.01
"582","2012","NE_2012",2012,5,24,145,2012-05-24,25.96,13.05,58.38,18.36,4.02,4.54,7.69
"583","2012","NE_2012",2012,5,25,146,2012-05-25,25.44,11.1,63.56,19.71,0.63,3.84,9.58
"584","2012","NE_2012",2012,5,26,147,2012-05-26,37.69,20.67,56.88,28.28,0.07,6.67,13.31
"585","2012","NE_2012",2012,5,27,148,2012-05-27,31.78,20.14,60.5,26.08,20.94,6.33,13.31
"586","2012","NE_2012",2012,5,28,149,2012-05-28,28.45,14.86,51.25,21.69,1.68,3.2,7.93
"587","2012","NE_2012",2012,5,29,150,2012-05-29,25.88,11.79,46.75,18.75,0.02,2.95,6.23
"588","2012","NE_2012",2012,5,30,151,2012-05-30,28.15,10.44,63.88,17.42,12.16,4.15,8
"589","2012","NE_2012",2012,5,31,152,2012-05-31,18.32,8.58,63.56,12.94,0.37,4.18,5.92
"590","2012","NE_2012",2012,6,1,153,2012-06-01,19.08,6.89,70.25,13.4,1.56,2.77,7.08
"591","2012","NE_2012",2012,6,2,154,2012-06-02,28.91,9.9,53.06,20.78,0,2.41,7.81
"592","2012","NE_2012",2012,6,3,155,2012-06-03,25.8,17.13,69.31,21.1,0.05,3.42,11.47
"593","2012","NE_2012",2012,6,4,156,2012-06-04,32.05,16.63,55.94,24.49,0,2.55,10.44
"594","2012","NE_2012",2012,6,5,157,2012-06-05,32.19,16.33,52.31,24.58,0,2.38,10.25
"595","2012","NE_2012",2012,6,6,158,2012-06-06,31.26,16.6,46.69,24.2,0,3.41,8.91
"596","2012","NE_2012",2012,6,7,159,2012-06-07,31.58,16.73,48.19,24.68,0,3.71,9.28
"597","2012","NE_2012",2012,6,8,160,2012-06-08,31.86,17.98,44.19,24.93,0,4.5,8.67
"598","2012","NE_2012",2012,6,9,161,2012-06-09,33.93,17.98,48.25,26.75,0,6.59,11.05
"599","2012","NE_2012",2012,6,10,162,2012-06-10,31.95,17.83,54.06,24.98,0,4.8,11.29
"600","2012","NE_2012",2012,6,11,163,2012-06-11,28.86,15.65,38.44,22.04,0,3.3,6.41
"601","2012","NE_2012",2012,6,12,164,2012-06-12,29.95,14.23,39.81,22.67,0.15,3.35,6.71
"602","2012","NE_2012",2012,6,13,165,2012-06-13,33.12,16.8,46.88,25.85,0.68,5.92,9.95
"603","2012","NE_2012",2012,6,14,166,2012-06-14,29.4,20.79,75.56,25.21,39.28,4.63,16.05
"604","2012","NE_2012",2012,6,15,167,2012-06-15,26.47,19.26,80.56,22.73,15.19,1.58,14.53
"605","2012","NE_2012",2012,6,16,168,2012-06-16,26.78,18.01,75.81,22.04,3.71,2.09,13
"606","2012","NE_2012",2012,6,17,169,2012-06-17,32.88,18.83,65.12,26.15,0,5.32,14.16
"607","2012","NE_2012",2012,6,18,170,2012-06-18,34.52,21.93,59.44,28.1,0,5.66,14.77
"608","2012","NE_2012",2012,6,19,171,2012-06-19,33.42,22.48,57.56,27.8,0,7.37,14.1
"609","2012","NE_2012",2012,6,20,172,2012-06-20,28.94,15.72,75.12,22.94,12.88,4.84,13.98
"610","2012","NE_2012",2012,6,21,173,2012-06-21,28.2,13.19,56,21.22,0,1.8,8.54
"611","2012","NE_2012",2012,6,22,174,2012-06-22,29.41,14.59,54.75,22.62,0.12,3.84,9.46
"612","2012","NE_2012",2012,6,23,175,2012-06-23,34.29,18.7,63.25,26.29,16.58,4.74,14.28
"613","2012","NE_2012",2012,6,24,176,2012-06-24,34.27,21.04,59.44,27.68,0,2.37,14.28
"614","2012","NE_2012",2012,6,25,177,2012-06-25,32.55,20.99,73.31,26.66,0,3.92,16.54
"615","2012","NE_2012",2012,6,26,178,2012-06-26,37.64,19.18,51.75,28.47,0,4.91,12.45
"616","2012","NE_2012",2012,6,27,179,2012-06-27,42.58,24.38,34.31,32.48,0,4.55,10.38
"617","2012","NE_2012",2012,6,28,180,2012-06-28,37.4,21.68,48.56,29.77,0.17,1.98,13.24
"618","2012","NE_2012",2012,6,29,181,2012-06-29,37,24.22,43.81,30.27,0.01,2.35,11.96
"619","2012","NE_2012",2012,6,30,182,2012-06-30,36.79,23.85,53.31,28.65,3.04,2.38,13.49
"620","2012","NE_2012",2012,7,1,183,2012-07-01,36.06,21.85,46.06,29.39,0.12,2.96,11.96
"621","2012","NE_2012",2012,7,2,184,2012-07-02,37.48,23.48,42.44,30.63,0,4,11.72
"622","2012","NE_2012",2012,7,3,185,2012-07-03,38.8,24.15,39.75,31.92,0,4.01,11.84
"623","2012","NE_2012",2012,7,4,186,2012-07-04,39.9,25.67,35.69,32.97,0.03,4.83,11.54
"624","2012","NE_2012",2012,7,5,187,2012-07-05,40.15,26.39,36.19,33.15,0,3.76,11.54
"625","2012","NE_2012",2012,7,6,188,2012-07-06,40.8,27.01,34.38,33.83,0,3.68,11.29
"626","2012","NE_2012",2012,7,7,189,2012-07-07,36.66,24.54,48,30.1,3.89,2.94,13.06
"627","2012","NE_2012",2012,7,8,190,2012-07-08,31.14,22.54,64.88,26.27,12.72,2.84,14.28
"628","2012","NE_2012",2012,7,9,191,2012-07-09,31.69,19.14,53.31,24.99,0.57,2.84,10.56
"629","2012","NE_2012",2012,7,10,192,2012-07-10,31.84,18.7,49.88,24.83,2.94,2.2,9.58
"630","2012","NE_2012",2012,7,11,193,2012-07-11,31.76,17.19,45.88,24.96,0,1.49,9.09
"631","2012","NE_2012",2012,7,12,194,2012-07-12,35.1,19.79,39.38,27.35,0,1.3,8.73
"632","2012","NE_2012",2012,7,13,195,2012-07-13,36.84,21.22,37.62,29.08,0.09,1.29,9.16
"633","2012","NE_2012",2012,7,14,196,2012-07-14,37.21,20.78,41.69,29.36,0,1.99,10.25
"634","2012","NE_2012",2012,7,15,197,2012-07-15,38.55,22.02,37.5,30.76,0,3.88,10.31
"635","2012","NE_2012",2012,7,16,198,2012-07-16,36.69,23,40.5,30.19,0,3.61,10.93
"636","2012","NE_2012",2012,7,17,199,2012-07-17,38.85,24.01,38.25,31.62,0,2.92,11.05
"637","2012","NE_2012",2012,7,18,200,2012-07-18,40.06,22.87,40.31,31.64,2.13,1.72,11.35
"638","2012","NE_2012",2012,7,19,201,2012-07-19,40.21,23.48,35.5,31.58,0.02,2.17,9.89
"639","2012","NE_2012",2012,7,20,202,2012-07-20,39.48,21.8,34.62,30.87,0,2.87,9.28
"640","2012","NE_2012",2012,7,21,203,2012-07-21,40.5,21.75,30.81,31.07,0,3.48,8.3
"641","2012","NE_2012",2012,7,22,204,2012-07-22,41.72,23.44,28.38,32.9,0,3.52,8.42
"642","2012","NE_2012",2012,7,23,205,2012-07-23,40.74,25,30.94,33.32,0,3.43,9.77
"643","2012","NE_2012",2012,7,24,206,2012-07-24,40.8,25.5,35,33.75,0,4.72,11.54
"644","2012","NE_2012",2012,7,25,207,2012-07-25,40.9,25.3,38.5,32.48,2.09,3.74,11.72
"645","2012","NE_2012",2012,7,26,208,2012-07-26,38.01,21.46,36.94,29.94,0.09,1.78,9.52
"646","2012","NE_2012",2012,7,27,209,2012-07-27,36.04,20.58,35.44,27.95,0,2.61,8.3
"647","2012","NE_2012",2012,7,28,210,2012-07-28,40.26,20.43,45.62,29.17,0.64,3.59,11.47
"648","2012","NE_2012",2012,7,29,211,2012-07-29,40.07,23.36,41.31,31.33,3.85,2.25,10.8
"649","2012","NE_2012",2012,7,30,212,2012-07-30,35.46,22.09,51.69,27.8,5.56,1.35,11.9
"650","2012","NE_2012",2012,7,31,213,2012-07-31,37.3,22.01,40.38,29.69,0.6,1.76,10.31
"651","2012","NE_2012",2012,8,1,214,2012-08-01,32.8,21.83,61.19,26.48,19.55,2.11,13.79
"652","2012","NE_2012",2012,8,2,215,2012-08-02,32.86,22.38,62.62,27.19,0.01,2.2,14.65
"653","2012","NE_2012",2012,8,3,216,2012-08-03,32.74,22.48,56.88,27.4,3.43,2.16,13.49
"654","2012","NE_2012",2012,8,4,217,2012-08-04,28.7,17.75,46.94,23.23,0.32,3.84,8.36
"655","2012","NE_2012",2012,8,5,218,2012-08-05,31.76,15.12,47.56,23.85,0,1.56,8.73
"656","2012","NE_2012",2012,8,6,219,2012-08-06,35.52,18.37,43,27.57,1.4,3.18,10.07
"657","2012","NE_2012",2012,8,7,220,2012-08-07,36.86,24.16,49.06,30.41,1.31,1.51,13.67
"658","2012","NE_2012",2012,8,8,221,2012-08-08,39.2,22.51,40.94,30.08,0,3.09,10.38
"659","2012","NE_2012",2012,8,9,222,2012-08-09,30.6,18.45,51,24.1,0,3.62,9.52
"660","2012","NE_2012",2012,8,10,223,2012-08-10,30.11,15.52,41.94,22.7,0,2.3,7.14
"661","2012","NE_2012",2012,8,11,224,2012-08-11,30.64,14.7,43.31,23.01,0.19,3.02,7.63
"662","2012","NE_2012",2012,8,12,225,2012-08-12,30.65,16.87,49.12,23.48,0.12,4.45,9.03
"663","2012","NE_2012",2012,8,13,226,2012-08-13,29.03,13.45,50.44,21.27,0,2.65,7.63
"664","2012","NE_2012",2012,8,14,227,2012-08-14,29.48,17.37,54.56,22.87,0.2,3.87,9.83
"665","2012","NE_2012",2012,8,15,228,2012-08-15,34.68,15.87,54.12,25,0,4.43,10.5
"666","2012","NE_2012",2012,8,16,229,2012-08-16,24.99,13.37,40.88,19.7,0,4.16,5.92
"667","2012","NE_2012",2012,8,17,230,2012-08-17,28.05,10.81,36.44,19.68,0,1.46,5.07
"668","2012","NE_2012",2012,8,18,231,2012-08-18,27.8,12.87,46.31,19.2,1.63,2.74,6.59
"669","2012","NE_2012",2012,8,19,232,2012-08-19,27.35,10.3,48.75,19.17,0,1.76,6.23
"670","2012","NE_2012",2012,8,20,233,2012-08-20,32.25,13.73,34.81,23.51,0,2.12,6.16
"671","2012","NE_2012",2012,8,21,234,2012-08-21,34.93,16.2,37.25,26.1,0,2.77,7.69
"672","2012","NE_2012",2012,8,22,235,2012-08-22,33.32,18.94,40.19,26.32,0,4.64,8.73
"673","2012","NE_2012",2012,8,23,236,2012-08-23,31.59,20.74,58.88,25.9,1.97,4.43,12.82
"674","2012","NE_2012",2012,8,24,237,2012-08-24,26.84,20.21,76.81,22.73,3.3,4.21,13.85
"675","2012","NE_2012",2012,8,25,238,2012-08-25,27.58,18.98,84.12,22.7,11.02,1.86,15.2
"676","2012","NE_2012",2012,8,26,239,2012-08-26,32.34,17.89,65.5,24.34,0.07,2.1,12.21
"677","2012","NE_2012",2012,8,27,240,2012-08-27,33.15,17.24,62.44,25.51,0,1.95,12.45
"678","2012","NE_2012",2012,8,28,241,2012-08-28,35.44,20,45.69,27.32,0,4.13,10.13
"679","2012","NE_2012",2012,8,29,242,2012-08-29,36.26,19.82,38.38,27.4,0,4.48,8.3
"680","2012","NE_2012",2012,8,30,243,2012-08-30,38.37,19.26,37.94,28.11,0,3.22,8.42
"681","2012","NE_2012",2012,8,31,244,2012-08-31,36.98,18.85,40.62,27.53,0,1.74,8.85
"682","2012","NE_2012",2012,9,1,245,2012-09-01,36.08,20,49.31,27.56,0,1.23,10.86
"683","2012","NE_2012",2012,9,2,246,2012-09-02,38.16,19.83,50.69,28.58,0,3.01,11.78
"684","2012","NE_2012",2012,9,3,247,2012-09-03,33.74,21.7,59.25,26.4,0.18,2.03,13.12
"685","2012","NE_2012",2012,9,4,248,2012-09-04,39.53,19.33,46.5,28.46,0.47,2.66,10.13
"686","2012","NE_2012",2012,9,5,249,2012-09-05,31.23,16.73,36.44,23.92,0.08,3.73,6.71
"687","2012","NE_2012",2012,9,6,250,2012-09-06,33.84,13.37,40,24.73,0.17,3.21,8.12
"688","2012","NE_2012",2012,9,7,251,2012-09-07,25.08,13.66,44,20.01,0.43,4.79,6.71
"689","2012","NE_2012",2012,9,8,252,2012-09-08,30.2,10.72,35.31,20.29,0,2.96,4.82
"690","2012","NE_2012",2012,9,9,253,2012-09-09,27.1,10.62,34.69,18.38,0,1.99,4.39
"691","2012","NE_2012",2012,9,10,254,2012-09-10,32.57,12.12,37.38,22.05,0,5.16,5.86
"692","2012","NE_2012",2012,9,11,255,2012-09-11,35.26,17.37,30.19,25.99,0,5.67,6.29
"693","2012","NE_2012",2012,9,12,256,2012-09-12,22.88,10.51,62.44,17.85,13.49,4.56,8
"694","2012","NE_2012",2012,9,13,257,2012-09-13,22.3,9.52,62.44,14.58,0.78,2.23,6.23
"695","2012","NE_2012",2012,9,14,258,2012-09-14,27.05,9.9,44.5,18.05,0,2.44,5.49
"696","2012","NE_2012",2012,9,15,259,2012-09-15,27.17,9.98,48.75,18.51,0,2.23,6.16
"697","2012","NE_2012",2012,9,16,260,2012-09-16,26.02,12.92,65.25,18.87,0,2.91,8.61
"698","2012","NE_2012",2012,9,17,261,2012-09-17,21.25,10.5,58.88,15.07,0,3.86,6.35
"699","2012","NE_2012",2012,9,18,262,2012-09-18,25.41,7.22,45.25,16.41,0,1.95,5.13
"700","2012","NE_2012",2012,9,19,263,2012-09-19,32.12,12.81,35.19,20.61,0,3.44,5
"701","2012","NE_2012",2012,9,20,264,2012-09-20,24.08,10.15,34.75,16.9,0,1.59,4.15
"702","2012","NE_2012",2012,9,21,265,2012-09-21,25.57,13.44,36.56,18.34,0,4.02,4.76
"703","2012","NE_2012",2012,9,22,266,2012-09-22,20.05,7.62,33.5,13.23,0,2.99,3.05
"704","2012","NE_2012",2012,9,23,267,2012-09-23,22.77,5.1,38.25,14.22,0,2.21,3.78
"705","2012","NE_2012",2012,9,24,268,2012-09-24,23.93,10.41,49.75,17,0,1.84,6.23
"706","2012","NE_2012",2012,9,25,269,2012-09-25,25.54,11.11,54.62,18.94,0,1.32,7.45
"707","2012","NE_2012",2012,9,26,270,2012-09-26,25.13,11.65,45.06,17.5,0.01,2.39,5.55
"708","2012","NE_2012",2012,9,27,271,2012-09-27,24.62,8.03,38.81,15.73,0,1.55,4.15
"709","2012","NE_2012",2012,9,28,272,2012-09-28,25.98,9.56,39.25,17.03,0,1.53,4.52
"710","2012","NE_2012",2012,9,29,273,2012-09-29,25.66,9.5,57.56,17.17,0,1.48,6.77
"711","2012","NE_2012",2012,9,30,274,2012-09-30,26.76,12.49,43.12,18.69,0,1.27,5.74
"712","2012","NE_2012",2012,10,1,275,2012-10-01,22.45,10.28,45.31,16.2,2.69,4.87,5.37
"713","2012","NE_2012",2012,10,2,276,2012-10-02,23.24,6.57,35.31,14.34,0,1.96,3.42
"714","2012","NE_2012",2012,10,3,277,2012-10-03,28.62,8.87,41.56,17.58,0.07,4.55,5.37
"715","2012","NE_2012",2012,10,4,278,2012-10-04,14.19,4.41,51.19,8.8,2.26,4.43,3.6
"716","2012","NE_2012",2012,10,5,279,2012-10-05,11.36,2.38,51.38,5.72,0.02,2.38,2.99
"717","2012","NE_2012",2012,10,6,280,2012-10-06,5.51,-0.92,49.88,2.91,0,2.98,2.38
"718","2012","NE_2012",2012,10,7,281,2012-10-07,13.37,-3,56.69,5.02,0,3.05,2.93
"719","2012","NE_2012",2012,10,8,282,2012-10-08,22.94,1.7,40.75,11.72,0,3.47,3.17
"720","2012","NE_2012",2012,10,9,283,2012-10-09,13.31,2.43,55.38,8.55,0,3.7,3.97
"721","2012","NE_2012",2012,10,10,284,2012-10-10,18.24,0.23,41.88,9.23,0,2.76,3.05
"722","2012","NE_2012",2012,10,11,285,2012-10-11,17.16,5.17,48.56,10.58,0,4.02,4.03
"723","2012","NE_2012",2012,10,12,286,2012-10-12,15.3,2.4,61.06,9.29,6.61,3.88,4.82
"724","2012","NE_2012",2012,10,13,287,2012-10-13,23.16,11.23,77.12,16.36,16.16,3.02,9.4
"725","2012","NE_2012",2012,10,14,288,2012-10-14,22.19,9.65,52.5,14.46,0,3.99,5.49
"726","2012","NE_2012",2012,10,15,289,2012-10-15,25.7,8.76,50.38,16.21,0,2.05,5.86
"727","2012","NE_2012",2012,10,16,290,2012-10-16,26.5,11.19,51.38,18.12,0.01,3.36,6.77
"728","2012","NE_2012",2012,10,17,291,2012-10-17,17.94,8.98,38.56,13.98,0.34,6.19,4.09
"729","2012","NE_2012",2012,10,18,292,2012-10-18,13.68,7.57,38.62,10.47,0,9,3.23
"730","2012","NE_2012",2012,10,19,293,2012-10-19,16.27,5.36,48.81,9.47,0,4.88,3.72
"731","2012","NE_2012",2012,10,20,294,2012-10-20,22.3,4.1,52.94,12.53,0,2.54,4.7
"732","2012","NE_2012",2012,10,21,295,2012-10-21,26.05,8.7,71.62,16.78,0,1.88,8.85
"733","2012","NE_2012",2012,10,22,296,2012-10-22,19.94,10.36,78.75,14.27,0.23,2.63,8.54
"734","2012","NE_2012",2012,10,23,297,2012-10-23,22.42,10.99,74.06,15.62,0.01,1.67,8.36
"735","2012","NE_2012",2012,10,24,298,2012-10-24,14.8,5.43,79.31,10.98,7.07,4.4,6.9
"736","2012","NE_2012",2012,10,25,299,2012-10-25,8.81,-2.13,65.25,3.21,4.53,5.62,3.17
"737","2012","NE_2012",2012,10,26,300,2012-10-26,5.98,-2.85,63.56,0.43,0,2.53,2.5
"738","2012","NE_2012",2012,10,27,301,2012-10-27,6.9,-3.06,65.69,1.53,0,1.98,2.81
"739","2012","NE_2012",2012,10,28,302,2012-10-28,12.54,-3.13,60.38,4.64,0,3.44,3.11
"740","2012","NE_2012",2012,10,29,303,2012-10-29,15.38,1.49,55.88,8.22,0,2.39,3.91
"741","2012","NE_2012",2012,10,30,304,2012-10-30,16.5,3.18,59.81,8.65,0,1.84,4.21
"742","2012","NE_2012",2012,10,31,305,2012-10-31,21.15,3.94,54.62,12.05,0,1.41,4.94
"743","2012","NE_2012",2012,11,1,306,2012-11-01,18.77,6.25,62.81,11.1,0,3.01,5.31
"744","2012","NE_2012",2012,11,2,307,2012-11-02,13.6,2.29,60.5,7.25,0,2.99,3.97
"745","2012","NE_2012",2012,11,3,308,2012-11-03,14.92,0,61.25,6.69,0,2.34,3.85
"746","2012","NE_2012",2012,11,4,309,2012-11-04,14.51,3.1,69.62,8.05,0,2.72,4.76
"747","2012","NE_2012",2012,11,5,310,2012-11-05,10.15,1.84,70.5,5.05,0,3.83,3.97
"748","2012","NE_2012",2012,11,6,311,2012-11-06,14.81,2.58,49.81,7.94,0,4.63,3.23
"749","2012","NE_2012",2012,11,7,312,2012-11-07,14.46,0.33,50.81,6.92,0,2.55,3.23
"750","2012","NE_2012",2012,11,8,313,2012-11-08,16.81,4.1,56,9.05,0,2.63,4.21
"751","2012","NE_2012",2012,11,9,314,2012-11-09,16.87,4.16,70,9.54,0,2.48,5.62
"752","2012","NE_2012",2012,11,10,315,2012-11-10,23.65,-0.52,65.44,13.41,9.27,6.35,6.9
"753","2012","NE_2012",2012,11,11,316,2012-11-11,2.22,-5.61,52.69,-2.7,0.52,4.87,1.65
"754","2012","NE_2012",2012,11,12,317,2012-11-12,6.34,-5.39,42.75,-0.22,0,3.01,1.59
"755","2012","NE_2012",2012,11,13,318,2012-11-13,7.96,-3.11,56.81,1.98,0,2.02,2.62
"756","2012","NE_2012",2012,11,14,319,2012-11-14,11.57,-2.26,66.56,3.98,0,1.8,3.3
